city, address
Warszawa,ul. Mickiewicza 12
Kraków,ul. Długa 45
Wrocław,ul. Słowackiego 8
Poznań,ul. Polna 23
Gdańsk,ul. Nadmorska 5
Łódź,ul. Piotrkowska 101
Szczecin,ul. Parkowa 14
Bydgoszcz,ul. Leśna 9
Lublin,ul. Lipowa 33
Katowice,ul. Kościuszki 27
Białystok,ul. Warszawska 18
Gdynia,ul. Morska 76
Częstochowa,ul. Jasnogórska 11
Radom,ul. Żeromskiego 52
Sosnowiec,ul. 3 Maja 19
Toruń,ul. Kopernika 7
Kielce,ul. Sienkiewicza 44
Rzeszów,ul. Rejtana 60
Gliwice,ul. Zwycięstwa 25
Zabrze,ul. Wolności 88
Olsztyn,ul. Kortowska 2
Opole,ul. Ozimska 30
Elbląg,ul. Grunwaldzka 13
Płock,ul. Kolegialna 6
Wałbrzych,ul. Moniuszki 17
Zielona Góra,ul. Wrocławska 22
Koszalin,ul. Zwycięstwa 91
Legnica,ul. Chojnowska 15
Kalisz,ul. Górnośląska 55
Grudziądz,ul. Chełmińska 40
Słupsk,ul. Wojska Polskiego 10
Jaworzno,ul. Grunwaldzka 29
Jastrzębie-Zdrój,ul. Harcerska 3
Nowy Sącz,ul. Jagiellońska 50
Jelenia Góra,ul. Bankowa 14
Siedlce,ul. Piłsudskiego 20
Mysłowice,ul. Krakowska 77
Piła,ul. Bydgoska 12
Konin,ul. Chopina 5
Ostrołęka,ul. Goworowska 9
Świdnica,ul. Równa 16
Suwałki,ul. Noniewicza 24
Tarnów,ul. Lwowska 31
Leszno,ul. Narutowicza 18
Zamość,ul. Akademicka 6
Chełm,ul. Lubelska 21
Przemyśl,ul. Sportowa 4
Gorzów Wielkopolski,ul. Sikorskiego 35
Stargard,ul. Szczecińska 28
Wejherowo,ul. Sobieskiego 19
Tczew,ul. Dąbrowskiego 7
Ełk,ul. Wojska Polskiego 26
Świnoujście,ul. Piastowska 13
Kołobrzeg,ul. Portowa 2
Bełchatów,ul. Pabianicka 48
Lubin,ul. Armii Krajowej 11
Bolesławiec,ul. Ceramiczna 20
Zgierz,ul. Długa 62
Pabianice,ul. Zamkowa 9
Piotrków Trybunalski,ul. Słowackiego 34
Skierniewice,ul. Rawska 15
Łomża,ul. Dworna 8
Ciechanów,ul. Pułtuska 27
Otwock,ul. Andriollego 5
Marki,ul. Legionowa 41
Pruszków,ul. Kraszewskiego 22
Wołomin,ul. Kościelna 14
Mińsk Mazowiecki,ul. Warszawska 55
Żyrardów,ul. Limanowskiego 17
Kutno,ul. Królewska 3
Sieradz,ul. Jana Pawła II 19
Zduńska Wola,ul. Łaska 12
Łowicz,ul. Zduńska 28
Krotoszyn,ul. Koźmińska 7
Jarocin,ul. Śródmiejska 10
Śrem,ul. Mickiewicza 33
Września,ul. Kolejowa 16
Gostyń,ul. Poznańska 25
Kościan,ul. Nacławska 9
Rawicz,ul. Rynek 4
Wągrowiec,ul. Kościuszki 11
Chodzież,ul. Paderewskiego 6
Czarnków,ul. Rybaki 13
Szamotuły,ul. Dworcowa 20
Oborniki,ul. Armii Poznań 8
Trzcianka,ul. Sikorskiego 24
Złotów,ul. Mickiewicza 18
Bytów,ul. Wojska Polskiego 29
Lębork,ul. Staromiejska 5
Kartuzy,ul. Gdańska 14
Puck,ul. 10 Lutego 2
Reda,ul. Łąkowa 7
Rumia,ul. Sobieskiego 21
Hel,ul. Wiejska 3
Ustka,ul. Marynarki Polskiej 12
Darłowo,ul. Władysława IV 9
Sławno,ul. Jedności Narodowej 15
Police,ul. Grzybowa 6
Nysa,ul. Chodowieckiego 4
Radomsko,ul. Narutowicza 4